product_id,product_name,price,description,materials,dimensions,weight,etsy_url,category
1,"Teen stocking soap, Video Game Party Favors Soap, Teen boy gift, Game Controller Soap, Gamer Husband, Controller Soap",9.5,"Game controller! This soapy game controller is just awesome! Wow, this is a great gift for a gamer. It will be placed in a transparent gift bag and tied with a bow.
 
Made with skin safe colorants and fragrances. 

The soap contains glycerin and Shea soap base.","Glycerin soap base, Fragrance, colorants, Shea soap base",4-1/8 x 2-3/4 x 7/8,4,https://www.etsy.com/listing/729518259/teen-stocking-soap-video-game-party?ref=shop_home_active_1&crt=1,novelty/gag gift
2,"Set of 10 Heart Soap Favors, Baby Shower Soap Favor, Wedding Favors For Guests",4.2,"Soap wedding favors are a great choice to thank your friends and guests after a long and important day.
These hearts shaped hearts made especially for you are the perfect gift for your guests.

6 Small cute heart-shaped soaps wonderfully suit as a gift for Baby Shower soap favors, Girl or Boy Baby Shower favors or Wedding favors. They will wonderfully decorate the bathroom / guest room or use them as a compliment. Soap is convenient for its small size or affordability. The bar has a round shape in the middle of a sweet red heart.  Please select the colors and smells from the list, if you have additional questions, please contact me!
You get 6 bars of soap, total weight 3 ounces

Made with skin-friendly dyes and fragrances. You can choose the aroma and color of the desired soap. The soap contains goat's milk, clear glycerin and Shea's soap base.


If you want to change the color of the heart or the base itself, let me know, I will gladly make you a color change.

","Goat milk soap base, Clear glycerin soap base, Colorant, fragrance",1.5 x 0.5,0.5,https://www.etsy.com/listing/765822068/set-of-10-heart-soap-favors-baby-shower?ref=shop_home_active_17,wedding
3,"Baby feet soap favor, Baby shower girl favor, Baby shower favor, Baby shower boy favor, From my shower to yours, Foot shape soap, Foot shape",2.2,"This list is for 1 (one) bar of soap.

Unique and cute handmade soap, made with love and care. Each piece looks like a small piece of art. You can buy a piece or gift set for a special and dear person in your life.A wonderful souvenir with a pleasant aroma on the occasion of the birth of your baby.","Goat milk soap base, Clear glycerin soap base, Colorant, fragrance",2 x 0.7 x 3.1,1.4,https://www.etsy.com/listing/701592002/baby-feet-soap-favor-baby-shower-girl?ref=shop_home_active_13,baby shower
4,"Pumpkin Soap Party Favors, Fall Wedding Favors, Baby Shower, Bridal, Gender Reveal, Sprinkle, Mini pumpkin",2.5,"Look carefully at the size of the decorative soap!

A pumpkin idea for creating autumn mood in the bathroom!
These pumpkin looks so gentle and wonderful so you just want keep them in your hands and look at them all the time.
Juicy and bright pumpkin soap is just perfect! Each soap is handmade by me to order according to your choice of colors and aromas. Your order includes 1 package with 1 soap (pumpkin). 
If you need a different color or quantity  just let me know your request through personal message.

*-*-*-*-*-*-*-*-*-*-*-*-*-*-*-*-*-*- Packaging *-*-*-*-*-*-*-*-*-*-*-*-*-*-*-*-*-*-*-*-*-*-*-*-*-*-*-*-*-*-*-*-*-*-*-*-*-*-*-*

Each soap is packaged in a separately put into a little plastic bag and tied with a ribbon. Traditionally, I select the color of the tape for the color of the soap, if you need a certain color, let me know.


Soap made with skin safe colorants and fragrances. The soap contains goat milk, clear glycerin and Shea soap base. 

  


 
","Goat milk soap base, Clear glycerin soap base, Colorant, fragrance",1.5 x 1.5,1,https://www.etsy.com/listing/850850533/pumpkin-soap-party-favors-fall-wedding?ref=shop_home_active_9&crt=1,seasons
5,"Elephant Baby Shower Soap Favors , Mini Elephant Baby Shower, Little pink elephant favors",2,"Are you planning a party with an animal parade, then soap with elephants is perfect for this occasion!
Cute elephants will decorate your baby shower and give a good mood to guests.
Elephants are wonderful gifts to add to your basket baby showers, birthdays and many other important events for you.

Your order includes 1 package with 1 soap (elephant) in each. You will be delighted with the charming elephants!

*-*-*-*-*-*-*-*-*-*-*-*-*-*-*-*-*-*- Packaging *-*-*-*-*-*-*-*-*-*-*-*-*-*-*-*-*-*-*-*-*-*-*-*-*-*-*-*-*-*-*-*-*-*-*-*-*-*-*-*

Each soap is packaged in a separately put into a little plastic bag and tied with a ribbon. Traditionally, I select the color of the tape for the color of the soap, if you need a certain color, let me know.


Soap made with skin safe colorants and fragrances. The soap contains goat milk, clear glycerin and Shea soap base. ","Goat milk soap base, Clear glycerin soap base, Colorant, fragrance",2.5 x 2,1.3,https://www.etsy.com/listing/725471942/elephant-baby-shower-soap-favors-mini?ref=shop_home_active_6,baby shower
6,"10 HONEY PARTY FAVORS, Bee Honeycomb Soap Favors, Bumblebee Mommy to Bee, Honey Baby Shower, Party Supplies, Wedding Honey Favors, boo bees",27,"Honey bees are wonderful gifts to add to your basket wedding greetings, baby showers, birthdays and many other important events for you.
With this honey soap, guests of your wedding will be delighted and take home unforgettable memories of such a special and beautiful day.
The soap has the shape of a honeycomb and a bee, filled with the sweet aroma of honey and oatmeal or other perfumes , I want to eat them!
You get 10 bars of honey soap, each packed separately and tied with a ribbon.

*-*-*-*-*-*-*-*-*-*-*-*-*-*-*-*-*-*- Packaging *-*-*-*-*-*-*-*-*-*-*-*-*-*-*-*-*-*-*-*-*-*-*-*-*-*-*-*-*-*-*-*-*-*-*-*-*-*-*-*

Each soap is packaged in a separately put into a little plastic bag and tied with a ribbon. Traditionally, I select the color of the tape for the color of the soap, if you need a certain color, let me know.


*-*-*-*-*-*-*-*-*-*-*-*-*-*-*-*-*- *-*-*-*-*-* Tags *-*-*-*-*-*-*-*-*-*-*-*-*-*-*-*-*-*-*-*-*-*-*-*-*-*-*-*-*-*-*-*-*-*-*

Write: 
1. Date of party 
2. Tag color option
3. Text that you wish


Made with skin safe colorants and fragrances. The soap contains goat milk, clear glycerin and Shea soap base. 

  

 
","Goat milk soap base, Clear glycerin soap base, Colorant, fragrance",2.5 x 2.5,1.6,https://www.etsy.com/listing/726111926/10-honey-party-favors-bee-honeycomb-soap?ref=shop_home_active_2,seasons
7,"Pacifier soap favors, Girl Baby Shower soap favors",2,"Soap pacifier souvenirs are a great choice to thank your friends and guests for coming to celebrate your baby's arrival in this world.
These pacifier soap made especially for you are the perfect gift for your guests.
*-*-*-*-*-*-*-*-*-*-*-*-*-*-*-*-*-*- Packaging *-*-*-*-*-*-*-*-*-*-*-*-*-*-*-*-*-*-*-*-*-*-*-*-*-*-*-*-*-*-*-*-*-*-*-*-*-*-*-*

Each soap is packaged in a separately put into a little plastic bag and tied with a ribbon. Traditionally, I select the color of the tape for the color of the soap, if you need a certain color, let me know.

*-*-*-*-*-*-*-*-*-*-*-*-*-*-*-*-*- *-*-*-*-*-* Tags *-*-*-*-*-*-*-*-*-*-*-*-*-*-*-*-*-*-*-*-*-*-*-*-*-*-*-*-*-*-*-*-*-*-*
Write: 
1. Date of party 
2. Tag color option
3. Text that you wish

Made with skin safe colorants and fragrances. The soap contains goat milk, clear glycerin and Shea soap base. 
  

","Goat milk soap base, Clear glycerin soap base, Colorant, fragrance",3 x 2.8,1,https://www.etsy.com/listing/720482035/pacifier-soap-favors-girl-baby-shower?ref=shop_home_active_19,baby shower
8,"Tooth soap favors, Dentist soap, Teeth soaps, Dental hygiene gift, Dental soap, Dental party favor, First tooth party, False tooth",5.5,"This funny Tooth Shaped Soap is an ideal gift for a hygienist, dentist, dental assistant or other doctor. 
Made with skin-friendly colors and fragrances.
The soap contains a white glycerin soap base. ","goat milk soap base, colorant, fragrance",,2.5,https://www.etsy.com/listing/691654247/tooth-soap-favors-dentist-soap-teeth?ref=shop_home_active_4&crt=1,novelty/gag gift
9,"Baby shower favors soap, Baby shower gifts,Pacifier soaps favors, From my shower to yours, it's a girl, it's a boy, mini soap favors",1.8,"Soap pacifier is a great souvenir choice to thank your family, friends and guests for coming to celebrate your baby's arrival in this world.
These pacifier soap made especially for you and it's perfect gift for everyone.

Made with skin safe colorants and fragrances. 

The soap contains goat milk, clear glycerin and Shea soap base. ","Goat milk soap base, Clear glycerin soap base, Colorant, fragrance",2.8 x 3,,https://www.etsy.com/listing/721123569/baby-shower-favors-soap-baby-shower?ref=shop_home_active_19&crt=1,baby shower
10,"Stocking stuffer for toddler soap, Hand Gun For Her Soap Party Favors, Pistol soap, Gun favors, Cowgirl With Gun",5,"Does your girlfriend like gun? So why not get her a present from Santa!

Made with skin safe colorants and fragrances. 

The soap contains glycerin and Shea soap base.","Glycerin soap base, Fragrance, colorants",4 x 2.5 x 0.7,2.3,https://www.etsy.com/listing/745502782/stocking-stuffer-for-toddler-soap-hand?ref=shop_home_active_29,baby shower
11,"Christmas Tree Snow Globe Soaps, Gift for guys,  Gift for women, holiday decorations, Snowglobe soap",3,"Snow globe is an excellent filler for a Christmas stocking! Cute and wonderful snowy glossy full of winter landscape will successfully complement your gift to your close and dear people.

If you need a different color, let me know in the message.

*-*-*-*-*-*-*-*-*-*-*-*-*-*-*-*-*-*- Packaging *-*-*-*-*-*-*-*-*-*-*-*-*-*-*-*-*-*-*-*-*-*-*-*-*-*-*-*-*-*-*-*-*-*-*-*-*-*-*-*

Each soap is packaged in a separately put into a little plastic bag and tied with a ribbon. Traditionally, I select the color of the tape for the color of the soap, if you need a certain color, let me know.

*-*-*-*-*-*-*-*-*-*-*-*-*-*-*-*-*- *-*-*-*-*-* Tags *-*-*-*-*-*-*-*-*-*-*-*-*-*-*-*-*-*-*-*-*-*-*-*-*-*-*-*-*-*-*-*-*-*-*

Write: 
1. Date of party 
2. Tag color option
3. Text that you wish


Soap made with skin safe colorants and fragrances. The soap contains clear glycerin and Shea soap base. 
","Glycerin soap base, Colorants, Natural fragrance oils",2.0 x 2.5,2,https://www.etsy.com/listing/758302431/christmas-tree-snow-globe-soaps-gift-for?ref=shop_home_active_20&crt=1,holidays
12,"Carousel soap favors, Carousel party favors, Carousel baby shower, Rose gold baby shower, Carousel party decoration, Carousel birthday",1.8,"This listing is for 1 carousel soap.
Look at this cute unique  carousel! She looks great and resembles a small masterpiece.
Your guests and friends will enjoy this unique one of a kind beautiful soap gift.
They are made with a gentle goat milk soap aroma and a drop of dye.
Let me know how much you need these carousels.
","Goat soap base, Shea butter, Colorant, Fragrance",1.9 x 2.7,1,https://www.etsy.com/listing/679442014/carousel-soap-favors-carousel-party?ref=shop_home_active_33,baby shower
13,"Sapphire Crystal Soap, rock soap, stone soap",7,"This listing is for 1  soap.

If you like stones and sapphires and you want to make your bathroom look different with this modern look and new style this soap is for you. I am sure your house guests will notice it as well.  

They are made with a gentle goat milk soap aroma and a drop of dye.
Let me know how much you need these carousels.","Goat soap base, Shea butter, Colorant, Fragrance",,,https://www.etsy.com/listing/729057413/sapphire-crystal-soap-rock-soap-stone?ref=shop_home_active_17&crt=1,seasons
14,"Set of 6  daisies soap favors, Wedding soap favors, Garden soap, Daisy Bridal Shower Flowers, Baby Shower favors",18,"This listing is for 6 daisies soap bars.

Daisies are such cheerful, happy-looking flowers. Get these 6 beautiful daisies soaps for your mom, girlfriend, daughter or any other fun occasions or new beginnings. A Daisy symbolizes innocence and purity. 

Made with skin safe colorants and fragrances. The soap contains goat milk, clear glycerin and Shea soap base. 

 
","Goat milk soap base, Clear glycerin soap base, Colorant, fragrance",3,1.2,https://www.etsy.com/listing/720416979/set-of-6-daisies-soap-favors-wedding?ref=shop_home_active_11&frs=1,flowers
15,"10 Pink Peony Soaps, Perfect Little Peonies, Peony flower, Wedding Favors or Bridal Gift, Christmas baby shower",27,"The beautiful garden peony flower smells unusually boldly like summer grass and the sweetness of the solar wind. It's like a kiss of the wind in the garden.

Are you planning a baby or bridal shower for girl? These peony's looks so gentle and wonderful so you just want keep them in your hands and look at them all the time. Please your girlfriend or daughter with this gift for baby shower or any other fall special occasion.
Juicy and bright peony soap is just perfect! Each soap is handmade by me to order according to your choice of colors and aromas.
Your order includes 10 package with 10 soaps (peony). You will be delighted with charming peony's!

If you need a different peony color, let me know in the message.

*-*-*-*-*-*-*-*-*-*-*-*-*-*-*-*-*-*- Packaging *-*-*-*-*-*-*-*-*-*-*-*-*-*-*-*-*-*-*-*-*-*-*-*-*-*-*-*-*-*-*-*-*-*-*-*-*-*-*-*

Each soap is packaged in a separately put into a little plastic bag and tied with a ribbon. Traditionally, I select the color of the tape for the color of the soap, if you need a certain color, let me know.


Soap made with skin safe colorants and fragrances. The soap contains goat milk, clear glycerin and Shea soap base. 

  


 
","Goat milk soap base, Clear glycerin soap base, Colorant, fragrance",1.5 x 1.5,1,https://www.etsy.com/listing/781842105/10-pink-peony-soaps-perfect-little?ref=shop_home_active_16,flowers
16,"20 Sunflowers soaps favors, 20 Sunflowers soaps, Garden wedding favors, Flower soap favors, Fall Baby Shower, Sunflower decor",50,"This listing is for 20 sunflowers soap bars.

Sunflower is a beautiful flower of sunny color with a chocolate heart and petals full of brightness and joy of yellow-orange colors. 
This flower of the sun is a perfect gift for any occasion and a little girl and an adult woman.

Are you planning an autumn sunflower baby or bridal shower or want to create an autumn mood in the bathroom? Juicy and bright sunflower soap is just perfect! Each soap is handmade by me to order according to your choice of colors and aromas. Each soap set is made specifically for your order, so that you get a fresh and pleasantly smelling set.

*-*-*-*-*-*-*-*-*-*-*-*-*-*-*-*-*-*- Packaging *-*-*-*-*-*-*-*-*-*-*-*-*-*-*-*-*-*-*-*-*-*-*-*-*-*-*-*-*-*-*-*-*-*-*-*-*-*-*-*

Each soap is packaged in a separately put into a little plastic bag and tied with a ribbon. Traditionally, I select the color of the tape for the color of the soap, if you need a certain color, let me know.

*-*-*-*-*-*-*-*-*-*-*-*-*-*-*-*-*- *-*-*-*-*-* Tags *-*-*-*-*-*-*-*-*-*-*-*-*-*-*-*-*-*-*-*-*-*-*-*-*-*-*-*-*-*-*-*-*-*-*
Write: 
1. Date of party 
2. Tag color option
3. Text that you wish
The photo shows one of the color options, you can choose bright yellow leaves or a more autumn version, as in the photo.

Made with skin-friendly dyes and fragrances. You can choose the aroma and color of the desired soap. 
The soap contains goat's milk, clear glycerin and Shea's soap base.


Green leaf is a prop for a photo. A bar of soap consists of a single piece.

","Goat milk soap base, Clear glycerin soap base, Colorant, fragrance",3 x 3,1.2,https://www.etsy.com/listing/723603341/20-sunflowers-soaps-favors-20-sunflowers?ref=shop_home_active_34,flowers
17,"Set of 30 Pacifier soaps favors, Set of 30 Baby shower favors soaps",54,"Soap pacifier is a great souvenir choice to thank your family, friends and guests for coming to celebrate your baby's arrival in this world.
These pacifier soap made especially for you and it's perfect gift for everyone.

Made with skin safe colorants and fragrances. The soap contains goat milk, clear glycerin and Shea soap base. ","Goat milk soap base, Clear glycerin soap base, Colorant, fragrance",2.8 x 3,,https://www.etsy.com/listing/720914023/set-of-30-pacifier-soaps-favors-set-of?ref=shop_home_active_3&frs=1,baby shower
18,"Sunflower soap favors, Sunflower decor, Sunflower soap, Fall flower soap, Wedding favors, Flower soap favors",2.95,"Sunflower is a beautiful flower of sunny color with a chocolate heart and petals full of brightness and joy of yellow-orange colors. 
This flower of the sun is a perfect gift for any occasion and a little girl and an adult woman.

Are you planning an autumn sunflower baby or bridal shower or want to create an autumn mood in the bathroom? Juicy and bright sunflower soap is just perfect! Each soap is handmade by me to order according to your choice of colors and aromas. Each soap set is made specifically for your order, so that you get a fresh and pleasantly smelling set.

*-*-*-*-*-*-*-*-*-*-*-*-*-*-*-*-*-*- Packaging *-*-*-*-*-*-*-*-*-*-*-*-*-*-*-*-*-*-*-*-*-*-*-*-*-*-*-*-*-*-*-*-*-*-*-*-*-*-*-*

Each soap is packaged in a separately put into a little plastic bag and tied with a ribbon. Traditionally, I select the color of the tape for the color of the soap, if you need a certain color, let me know.


*-*-*-*-*-*-*-*-*-*-*-*-*-*-*-*-*- *-*-*-*-*-* Tags *-*-*-*-*-*-*-*-*-*-*-*-*-*-*-*-*-*-*-*-*-*-*-*-*-*-*-*-*-*-*-*-*-*-*
Write: 
1. Date of party 
2. Tag color option
3. Text that you wish


The photo shows one of the color options, you can choose bright yellow leaves or a more autumn version, as in the photo.

Made with skin-friendly dyes and fragrances. You can choose the aroma and color of the desired soap. 
The soap contains goat's milk, clear glycerin and Shea's soap base.


Green leaf is a prop for a photo. A bar of soap consists of a single piece.


 
","Goat milk soap base, Clear glycerin soap base, Colorant, fragrance",3 x 3,1.2,https://www.etsy.com/listing/689485548/sunflower-soap-favors-sunflower-decor?ref=shop_home_active_10&crt=1,flowers
19,"Narcissus soap favors, Daffodil Favors , Daffodil Soap, Mini soaps, Wedding soap favors, Bridal Shower, Spring party favor, Garden soap",1.2,"One daffodil flower. 

Daffodil delicate, fragile and beautiful flowers.
A set of 12 or more daffodils is a wonderful choice for a wedding, spring holidays or as a nice personal guest soap. Its size will look wonderful in your set.
Get a nice set of soap for any fun occasions or new beginnings. daffodils symbolizes spring and the rejoicing of nature.

Made with skin-friendly dyes and fragrances. You can choose the aroma and color of the desired soap. The soap contains goat's milk, clear glycerin and Shea's soap base.
","Goat milk soap base, Clear glycerin soap base, Colorant, fragrance",,,https://www.etsy.com/listing/662712040/narcissus-soap-favors-daffodil-favors?ref=shop_home_active_16,flowers
20,"Snowflake Soap, Party Favors for Christmas,  Guest Soap, Stocking Stuffer, Winter Holiday, Office Party, Create your tag, Plaid shower",2.5,"Are you planning a Christmas party with  family, colleagues or friends? A perfect snowflake gift with classic look and Scandinavian ornament will help to create a holiday mood and a cozy atmosphere. Clean and lantern lines, bright colors and a festive aroma will give you a good mood.
The snowflake is white, you can change the color of the bar to your taste.

If you need a different color, let me know in the message.

*-*-*-*-*-*-*-*-*-*-*-*-*-*-*-*-*-*- Packaging *-*-*-*-*-*-*-*-*-*-*-*-*-*-*-*-*-*-*-*-*-*-*-*-*-*-*-*-*-*-*-*-*-*-*-*-*-*-*-*

Each soap is packaged in a separately put into a little plastic bag and tied with a ribbon. Traditionally, I select the color of the tape for the color of the soap, if you need a certain color, let me know.

*-*-*-*-*-*-*-*-*-*-*-*-*-*-*-*-*- *-*-*-*-*-* Tags *-*-*-*-*-*-*-*-*-*-*-*-*-*-*-*-*-*-*-*-*-*-*-*-*-*-*-*-*-*-*-*-*-*-*

Write: 
1. Date of party 
2. Tag color option
3. Text that you wish


Soap made with skin safe colorants and fragrances. The soap contains goat milk, clear glycerin and Shea soap base. 

  


 
","Clear glycerin soap base, Colorant, fragrance, shower decoration",2.5 x 2.5 x 0.5,2,https://www.etsy.com/listing/738377006/snowflake-soap-party-favors-for?ref=shop_home_active_21&crt=1,holidays
21,"Teen stocking soap, Fake Doggy Poo, Soap Poop, Soap Gag or Prank, Gift Dog, Gift from the dog",7.5,"Realistic dog poop soap is the perfect gag gift. Makes a funny gift for vet, vet techs, dog walker, pet sitter and etc.

Each bar soap can be a wonderful decorative gift or decoration for your party.

Each piece of soap is made of safe glycerin soap with the addition of chia oil, flavoring of your choice and dye.

My detergent is handmade, please expect that the color may slightly (slightly) differ from the color of the listing photo.","glycerin, Shea butter, Propolice Glycol, colorant, fragrant",3.5 x 1.5,,https://www.etsy.com/listing/691439995/teen-stocking-soap-fake-doggy-poo-soap?ref=shop_home_active_30&crt=1,novelty/gag gift
22,"75 Pink Pumpkin Soap Party Favors, Halloween Party, Fall Wedding Favors, Girl Baby Shower, Bridal, Gender Reveal, Sprinkle, Mini pumpkin",157,"Are you planning an autumn pink pumpkin baby or bridal shower for girl? These pink pumpkins looks so gentle and wonderful so you just want keep them in your hands and look at them all the time. Please your girlfriend or daughter with this gift for baby shower or any other fall special occasion.
Juicy and bright pumpkin soap is just perfect! Each soap is handmade by me to order according to your choice of colors and aromas. Your order includes 1 package with 75 soaps (pumpkins). You will be delighted with charming pumpkins! If you need a different color or quantity  just let me know your request through personal message.

If you need a different pumpkin color, let me know in the message.

*-*-*-*-*-*-*-*-*-*-*-*-*-*-*-*-*-*- Packaging *-*-*-*-*-*-*-*-*-*-*-*-*-*-*-*-*-*-*-*-*-*-*-*-*-*-*-*-*-*-*-*-*-*-*-*-*-*-*-*

Each soap is packaged in a separately put into a little plastic bag and tied with a ribbon. Traditionally, I select the color of the tape for the color of the soap, if you need a certain color, let me know.

*-*-*-*-*-*-*-*-*-*-*-*-*-*-*-*-*- *-*-*-*-*-* Tags *-*-*-*-*-*-*-*-*-*-*-*-*-*-*-*-*-*-*-*-*-*-*-*-*-*-*-*-*-*-*-*-*-*-*

Write: 
1. Date of party 
2. Tag color option
3. Text that you wish


Soap made with skin safe colorants and fragrances. The soap contains goat milk, clear glycerin and Shea soap base. 

  


 
","Goat milk soap base, Clear glycerin soap base, Colorant, fragrance",1.5 x 1.5,1,https://www.etsy.com/listing/741166235/75-pink-pumpkin-soap-party-favors?ref=shop_home_active_18,seasons
23,"Christmas baby shower, Santa Hat Embeds, Beanie Soap, Girls Baby Shower Soap Favors, Winter Beanie Favors",1.8,"Are you planning this winter baby or bridal shower for a girl? These mini pink knit rimmed hat with pompom soaps  looks so gentle and wonderful so you just want keep them in your hands and look at them all the time. Please your girlfriend or daughter with this gift for baby shower or any other fall/winter special occasion.
Warm and bright knitted soap is just perfect and creates the mood for cozy hat! Each soap is handmade by me to order according to your choice of colors and aromas. Your order includes 1 package with 1 soap (hat). You will be delighted with charming hats! If you need a different color or quantity  just let me know your request through personal message.

 You can change the color of pom pom if you like. Please let me know in personal message about your choice of color.

If you need a different hat color, let me know in the message.

*-*-*-*-*-*-*-*-*-*-*-*-*-*-*-*-*-*- Packaging *-*-*-*-*-*-*-*-*-*-*-*-*-*-*-*-*-*-*-*-*-*-*-*-*-*-*-*-*-*-*-*-*-*-*-*-*-*-*-*

Each soap is packaged in a separately put into a little plastic bag and tied with a ribbon. Traditionally, I select the color of the tape for the color of the soap, if you need a certain color, let me know.

*-*-*-*-*-*-*-*-*-*-*-*-*-*-*-*-*- *-*-*-*-*-* Tags *-*-*-*-*-*-*-*-*-*-*-*-*-*-*-*-*-*-*-*-*-*-*-*-*-*-*-*-*-*-*-*-*-*-*

Write: 
1. Date of party 
2. Tag color option
3. Text that you wish


Soap made with skin safe colorants and fragrances. The soap contains goat milk, clear glycerin and Shea soap base. 

","Goat milk soap base, Clear glycerin soap base, Colorant, fragrance",1.5 x 1.5,1,https://www.etsy.com/listing/737644418/christmas-baby-shower-santa-hat-embeds?ref=shop_home_active_5,holidays
24,"25 Girls Baby Shower Soap Favors, 25 Pink Knit Hat Soaps, Christmas baby shower, Mini Knitted hat, Santa Hat Embeds",35,"Are you planning this winter baby or bridal shower for a girl? These mini pink knit rimmed hat with pompom soaps  looks so gentle and wonderful so you just want keep them in your hands and look at them all the time. Please your girlfriend or daughter with this gift for baby shower or any other fall/winter special occasion.
Warm and bright knitted soap is just perfect and creates the mood for cozy hat! Each soap is handmade by me to order according to your choice of colors and aromas. Your order includes 1 package with 25 soaps (hat). You will be delighted with charming hats! If you need a different color or quantity  just let me know your request through personal message.

 You can change the color of pom pom if you like. Please let me know in personal message about your choice of color.

If you need a different hat color, let me know in the message.

*-*-*-*-*-*-*-*-*-*-*-*-*-*-*-*-*-*- Packaging *-*-*-*-*-*-*-*-*-*-*-*-*-*-*-*-*-*-*-*-*-*-*-*-*-*-*-*-*-*-*-*-*-*-*-*-*-*-*-*

Each soap is packaged in a separately put into a little plastic bag and tied with a ribbon. Traditionally, I select the color of the tape for the color of the soap, if you need a certain color, let me know.

*-*-*-*-*-*-*-*-*-*-*-*-*-*-*-*-*- *-*-*-*-*-* Tags *-*-*-*-*-*-*-*-*-*-*-*-*-*-*-*-*-*-*-*-*-*-*-*-*-*-*-*-*-*-*-*-*-*-*

Write: 
1. Date of party 
2. Tag color option
3. Text that you wish


Soap made with skin safe colorants and fragrances. The soap contains goat milk, clear glycerin and Shea soap base. 

  


 
","Goat milk soap base, Clear glycerin soap base, Colorant, fragrance",1.5 x 1.5,1,https://www.etsy.com/listing/749999229/25-girls-baby-shower-soap-favors-25-pink?ref=shop_home_active_27,baby shower
25,"Baby shower set of 25 Pink Snowflakes and Hats Soap Party Favors, Girl Baby Shower, Winter baby shower set",50,"A set of hats and snowflakes is a wonderful choice for a gift to guests. A pretty knitted beanie with a bumbon and a snowflake add to the winter mood. 

If you need a different color, let me know in the message.

*-*-*-*-*-*-*-*-*-*-*-*-*-*-*-*-*-*- Packaging *-*-*-*-*-*-*-*-*-*-*-*-*-*-*-*-*-*-*-*-*-*-*-*-*-*-*-*-*-*-*-*-*-*-*-*-*-*-*-*

Each soap is packaged in a separately put into a little plastic bag and tied with a ribbon. Traditionally, I select the color of the tape for the color of the soap, if you need a certain color, let me know.

*-*-*-*-*-*-*-*-*-*-*-*-*-*-*-*-*- *-*-*-*-*-* Tags *-*-*-*-*-*-*-*-*-*-*-*-*-*-*-*-*-*-*-*-*-*-*-*-*-*-*-*-*-*-*-*-*-*-*

Write: 
1. Date of party 
2. Tag color option
3. Text that you wish


Soap made with skin safe colorants and fragrances. The soap contains goat milk, clear glycerin and Shea soap base. 

  


 
",,1.2 x 1.2,1.4,https://www.etsy.com/listing/893512144/baby-shower-set-of-25-pink-snowflakes?ref=shop_home_active_1,baby shower
26,"20 Baby Bottle Soaps Favors, 20 Soap for baby shower, 20  Mason Jar Soap Favors, From my soul to yours, Souvenirs bottles, New Mom Gift",20,"20 BOTTLES SOAP FAVORS

Soap bottles souvenirs are a great choice to thank your friends and guests for coming to celebrate your baby's arrival in this world.
These bottles soap made especially for you are the perfect gift for your guests.

Made with skin safe colorants and fragrances. The soap contains goat milk, clear glycerin and Shea soap base. 

  
Every adorable soap comes in a clear cellophane bag tied with a ribbon. ","Goat milk soap base, Clear glycerin soap base, Colorant, fragrance",1.2 x 2.5,,https://www.etsy.com/listing/707123691/20-baby-bottle-soaps-favors-20-soap-for?ref=shop_home_active_20&crt=1,baby shower
27,"6-102 pcs Lavender mini soaps, Mini soap favors, Lavender/Purple Floral Baby Shower Theme, Lavender Baby Shower, Set Lavender weddings",5,"Soap wedding favors are a great choice to thank your friends and guests after a long and important day.
These hearts shaped hearts made especially for you are the perfect gift for your guests.

6 Small cute heart-shaped soaps wonderfully suit as a gift for Baby Shower soap favors, Girl or Boy Baby Shower favors or Wedding favors. They will wonderfully decorate the bathroom / guest room or use them as a compliment. Soap is convenient for its small size or affordability. Please select the colors and smells from the list, if you have additional questions, please contact me!
You get 6 bars of soap, total weight 3 ounces

Made with skin-friendly dyes and fragrances. You can choose the aroma and color of the desired soap. The soap contains goat's milk, clear glycerin and Shea's soap base.
","Goat milk soap base, Clear glycerin soap base, Colorant, fragrance",1.5 x 0.5,0.5,https://www.etsy.com/listing/689973654/6-102-pcs-lavender-mini-soaps-mini-soap?ref=shop_home_active_23,flowers
28,"Teen stocking soap, Hand Gun Soap Party Favors, Mini Gun Soap, Pistol soap, Gun favors, Squirt gun",3,"This listing is for 1 mini soap gun. 

Water gun is an excellent choice for a theme party with video games, Nerf Gun's birthday, pool parties. It`s perfect gift for your dad, boyfriend, son, brother.

Soap measures about  inches and are flat on one side.

Made with skin safe colorants and fragrances. 

The soap contains glycerin and Shea soap base.","Glycerin soap base, Fragrance, colorants",3 x 2.5 x 0.7,1.77,https://www.etsy.com/listing/728432775/teen-stocking-soap-hand-gun-soap-party?ref=shop_home_active_6&crt=1,novelty/gag gift
29,"25 Pink Pumpkin Soap Party Favors, Fall Wedding Favors, Girl Baby Shower, Bridal, Gender Reveal, Mini pumpkin, Thanksgiving Soap Favors",50,"Look carefully at the size of the decorative soap!
Are you planning an autumn pink pumpkin baby or bridal shower for girl? These pink pumpkins looks so gentle and wonderful so you just want keep them in your hands and look at them all the time. Please your girlfriend or daughter with this gift for baby shower or any other fall special occasion.
Juicy and bright pumpkin soap is just perfect! Each soap is handmade by me to order according to your choice of colors and aromas. Your order includes 1 package with 25 soaps (pumpkins). You will be delighted with charming pumpkins! If you need a different color or quantity  just let me know your request through personal message.

If you need a different pumpkin color, let me know in the message.

*-*-*-*-*-*-*-*-*-*-*-*-*-*-*-*-*-*- Packaging *-*-*-*-*-*-*-*-*-*-*-*-*-*-*-*-*-*-*-*-*-*-*-*-*-*-*-*-*-*-*-*-*-*-*-*-*-*-*-*

Each soap is packaged in a separately put into a little plastic bag and tied with a ribbon. Traditionally, I select the color of the tape for the color of the soap, if you need a certain color, let me know.

*-*-*-*-*-*-*-*-*-*-*-*-*-*-*-*-*- *-*-*-*-*-* Tags *-*-*-*-*-*-*-*-*-*-*-*-*-*-*-*-*-*-*-*-*-*-*-*-*-*-*-*-*-*-*-*-*-*-*

Write: 
1. Date of party 
2. Tag color option
3. Text that you wish


Soap made with skin safe colorants and fragrances. The soap contains goat milk, clear glycerin and Shea soap base. 

  


 
","Goat milk soap base, Clear glycerin soap base, Colorant, fragrance",1.5 x 1.5,1,https://www.etsy.com/listing/733415497/25-pink-pumpkin-soap-party-favors-fall?ref=shop_home_active_4&bes=1,seasons
30,"Red Truck and Christmas Tree Soap, Christmas Truck and Tree Soap Favors, Drive through shower soap, Christmas Tree Truck",6,"Red Car and Christmas Tree Soap is an excellent filler for a Christmas stocking! Cute and wonderful snowy glossy full of winter landscape will successfully complement your gift to your close and dear people.
A car with a Christmas tree roof is the perfect little gift for friends at work. So adorable!

If you need a different color, let me know in the message.

*-*-*-*-*-*-*-*-*-*-*-*-*-*-*-*-*-*- Packaging *-*-*-*-*-*-*-*-*-*-*-*-*-*-*-*-*-*-*-*-*-*-*-*-*-*-*-*-*-*-*-*-*-*-*-*-*-*-*-*

Each soap is packaged in a separately put into a little plastic bag and tied with a ribbon. Traditionally, I select the color of the tape for the color of the soap, if you need a certain color, let me know.

*-*-*-*-*-*-*-*-*-*-*-*-*-*-*-*-*- *-*-*-*-*-* Tags *-*-*-*-*-*-*-*-*-*-*-*-*-*-*-*-*-*-*-*-*-*-*-*-*-*-*-*-*-*-*-*-*-*-*

Write: 
1. Date of party 
2. Tag color option
3. Text that you wish


Soap made with skin safe colorants and fragrances. The soap contains clear glycerin and Shea soap base. 

","Glycerin soap base, Colorants, Natural fragrance oils, Shea soap base",2 x 2.5,2,https://www.etsy.com/listing/744642610/red-truck-and-christmas-tree-soap?ref=shop_home_active_8&crt=1,holidays
31,"Snowflakes soap set, Baby shower set of 25 Pink Snowflakes and Hats Soap Party Favors, Girl Baby Shower, Winter baby shower set",50,"A set of hats and snowflakes is a wonderful choice for a gift to guests. A pretty knitted beanie with a bumbon and a snowflake add to the winter mood. 
If you need a different color, let me know in the message.

*-*-*-*-*-*-*-*-*-*-*-*-*-*-*-*-*-*- Packaging *-*-*-*-*-*-*-*-*-*-*-*-*-*-*-*-*-*-*-*-*-*-*-*-*-*-*-*-*-*-*-*-*-*-*-*-*-*-*-*

Each soap is packaged in a separately put into a little plastic bag and tied with a ribbon. Traditionally, I select the color of the tape for the color of the soap, if you need a certain color, let me know.

*-*-*-*-*-*-*-*-*-*-*-*-*-*-*-*-*- *-*-*-*-*-* Tags *-*-*-*-*-*-*-*-*-*-*-*-*-*-*-*-*-*-*-*-*-*-*-*-*-*-*-*-*-*-*-*-*-*-*

Write: 
1. Date of party 
2. Tag color option
3. Text that you wish


Soap made with skin safe colorants and fragrances. The soap contains goat milk, clear glycerin and Shea soap base. 

  


 
","Goat milk soap base, Clear glycerin soap base, Colorant, fragrance",1.2 x 1.2,1.4,https://www.etsy.com/listing/907449833/snowflakes-soap-set-baby-shower-set-of?ref=shop_home_active_36,seasons
32,"10 Lavender mini soaps, Lavender Mini soaps, Set Lavender weddings, Mini soap favors, Rustic wedding, Mini soap bars , Cheap Soap",6,"Set of 10+ small cute heart-shaped soaps wonderfully suit as a gift for Baby Shower soap favors, Girl or Boy Baby Shower favors or Wedding favors. They will wonderfully decorate the bathroom, guest room or use them as a compliment. Soap is convenient for its small size or affordability. Please select the colors and smells from the list, if you have additional questions, please contact me!

You get 10 bars of soap, total weight 3 ounces

Made with skin-friendly dyes and fragrances. You can choose the aroma and color of the desired soap. The soap contains goat's milk, clear glycerin and Shea's soap base.

 
","Goat milk soap base, Clear glycerin soap base, Colorant, fragrance",1.5 x 0.5,0.5,https://www.etsy.com/listing/714619833/10-lavender-mini-soaps-lavender-mini?ref=shop_home_active_2,flowers
33,"Daisy Soap Favors, Wedding soap favor, Daisy Bridal Shower Flower, Baby Shower favor, Spring Daisy, Party Favor",2.75,"Daisies are so funny, beautiful-looking flowers.
Daisies can be a wonderful gift in the Stocking stuffer for children!
Get this beautiful chamomile soap for your mom, girlfriend, daughter or any other fun occasions or new beginnings. Daisy symbolizes innocence and purity.

*-*-*-*-*-*-*-*-*-*-*-*-*-*-*-*-*-*- Packaging *-*-*-*-*-*-*-*-*-*-*-*-*-*-*-*-*-*-*-*-*-*-*-*-*-*-*-*-*-*-*-*-*-*-*-*-*-*-*-*

Each soap is packaged in a separately put into a little plastic bag and tied with a ribbon. Traditionally, I select the color of the tape for the color of the soap, if you need a certain color, let me know.

Made with skin-friendly dyes and fragrances. You can choose the aroma and color of the desired soap. The soap contains goat's milk, clear glycerin and Shea's soap base.



If you need a different color, let me know in the message.","Goat milk soap base, Clear glycerin soap base, Colorant, fragrance",3 x 3,1.2,https://www.etsy.com/listing/682408620/daisy-soap-favors-wedding-soap-favor?ref=shop_home_active_32,flowers
34,"Stocking stuffer for toddler soap, Transformer birthday party favors soap, Kids Transformer birthday  soap, Transformers, Mini Party Favors",5,"Price is for one robot of your choice.

This Kids Robot Transformer Soap is amazing gift for your your child's Birthday party, Easter Basket Gift or any other occasion.
Made with skin safe colorants and fragrances. The soap contains goat milk, clear glycerin and Shea soap base. 
 
This adorable soap comes in a clear cellophane bag tied with a ribbon. ","Goat milk soap base, glycerin, Shea butter, fragrance, color",3.6 x 2,1.5,https://www.etsy.com/listing/677485216/stocking-stuffer-for-toddler-soap?ref=shop_home_active_22&crt=1,novelty/gag gift
35,"Carousel baby shower, Girl, Boy baby shower soap favors, Carousel party decoration, Carousel Horse Favors, Carousel birthday",2,"Look at this cute horse carousel! It looks great and resembles a small masterpiece.
You get 1 bar soap, each packed in a transparent bag and tied with a ribbon.

Your guests and friends will love this unique and beautiful soap gift.
Let me know how many nice roundabouts you need.","Goat soap base, Shea butter, Colorant, Fragrance",2.7 x 1.9,0.061,https://www.etsy.com/listing/693540689/carousel-baby-shower-girl-boy-baby?ref=shop_home_active_31,baby shower
36,"Easter basket stuffers, Easter Bunny, Easter Cute Bunny Soap Favors, Egg Soap",4,"Cute Easter bunny in a basket with eggs.
This charming soap is asking to be in your hands and wants to put a smile on your face.
Little rabbit is created from a safe glycerin base with the addition of hypoallergenic dyes and soft flavors for cleansing of the skin and your hands.
You can choose a monochromatic bunny or multi-colored, as in the first photo.



 
","Goat milk soap base, glycerin, Shea butter, fragrance, color", 2.8 x 2.8 x 2.0,4.2,https://www.etsy.com/listing/682850060/easter-basket-stuffers-easter-bunny?ref=shop_home_active_6,holidays
37,"10 Lavender heart soap favors, Lavender Soap Favors, Baby Shower Favor, Wedding Favors For Guests, Mini soap favors",6.99,"Soapy wedding favors are a great choice to thank your friends and guests after a long and important day.
These handmade heart-shaped soaps made by me specially for you are the perfect gift for your guests.
10 A small, cute heart-shaped soap is perfect as a gift for gifts for Baby Shower soap, gifts for a Girl or Boy or a Wedding Gift. They will miraculously decorate the bathroom / guest room or use them as a compliment. The soap is convenient for its small size or affordability.

Made with skin-friendly dyes and fragrances. You can choose the aroma and color of the desired soap. The soap contains goat's milk, clear glycerin and Shea's soap base.

*-*-*-*-*-*-*-*-*-*-*-*-*-*-*-*-*- Weight and dimensions *-*-*-*-*-*-*-*-*-*-*-*-*-*-*-*-*-*-*-*-*-*-*-*-*-*-*-*-*-*-*

You get 10 bars of soap, total weight 3 ounces. 

*-*-*-*-*-*-*-*-*-*-*-*-*-*-*-*-*-*- Packaging *-*-*-*-*-*-*-*-*-*-*-*-*-*-*-*-*-*-*-*-*-*-*-*-*-*-*-*-*-*-*-*-*-*-*-*-*-*-*-*

Each soap is packaged in a separately put into a little plastic bag and tied with a ribbon. Traditionally, I select the color of the tape for the color of the soap, if you need a certain color, let me know.


","Clear glycerin soap base, Colorant, fragrance, Shea soap base",1.5 x 0.5,0.5,https://www.etsy.com/listing/710171725/10-lavender-heart-soap-favors-lavender?ref=shop_home_active_11&crt=1,flowers
38,"6 Daisy Soap Favors, 6 Wedding soap favors, Daisy Bridal Shower Flower,  Baby Shower favor, Sunflower soap favors, Fall Baby Shower",15,"This listing is for 6 daisies soap bars.

Daisies are such cheerful, happy-looking flowers. Get these 6 beautiful daisies soaps for your mom, girlfriend, daughter or any other fun occasions or new beginnings. A Daisy symbolizes innocence and purity. 

Made with skin safe colorants and fragrances. The soap contains goat milk, clear glycerin and Shea soap base. 

 
","Goat milk soap base, Clear glycerin soap base, Colorant, fragrance",3,1.2,https://www.etsy.com/listing/677820939/6-daisy-soap-favors-6-wedding-soap?ref=shop_home_active_25,flowers
39,"Stocking stuffers, Lump of Coal Soap Stocking Stuffer, Christmas soap favors, Holiday decorations, Holiday cheer soap",5,"Someone was naughty and not so nice this year in your household ? Charcoal soap is a great fun old fashion filler for a Christmas stocking or a gag gift for misbehaved kid or adult! Great for those naughty boys and girls!      

Bright, creating a wonderful mood/holiday cheer  for the coming Christmas will successfully complement your gift to loved ones.
Santa's shoe Christmas soap will create a Holiday cheer for your loved ones, even if they are sent from afar.
Each soap is individually packaged and has a Happy Holidays tag.
You can take care of your loved ones and send them a parcel with Christmas soap and a small note of wishes.

If you need a different color, let me know in the message.

*-*-*-*-*-*-*-*-*-*-*-*-*-*-*-*-*-*- Packaging *-*-*-*-*-*-*-*-*-*-*-*-*-*-*-*-*-*-*-*-*-*-*-*-*-*-*-*-*-*-*-*-*-*-*-*-*-*-*-*

Each soap is packaged in a separately put into a little plastic bag and tied with a ribbon. Traditionally, I select the color of the tape for the color of the soap, if you need a certain color, let me know.

*-*-*-*-*-*-*-*-*-*-*-*-*-*-*-*-*- *-*-*-*-*-* Tags *-*-*-*-*-*-*-*-*-*-*-*-*-*-*-*-*-*-*-*-*-*-*-*-*-*-*-*-*-*-*-*-*-*-*

Write: 
1. Date of party 
2. Tag color option
3. Text that you wish


Soap made with skin safe colorants and fragrances. The soap contains clear glycerin and Shea soap base. 

","Glycerin soap base, Colorants, Natural fragrance oils",2 x 2.5,1.6,https://www.etsy.com/listing/885692356/stocking-stuffers-lump-of-coal-soap?ref=shop_home_active_22&crt=1,holidays
40,"Large Macarons Soap Gift Set of 3, LARGE Macaron Soap Party Favors, Paris Theme Birthday Party, Macaroons, French Favors",6.5,"French Macaron Soap set of 3 pieces.

Purple-  smell of lavender
Yellow- citrus with a bright hint of lemon
Green - mint smell

A cute and bright set of soap will wonderfully decorate your bath or will be a nice gift for your guests. Perfect as a gift for baby shower, birthday and other holidays.


 
","goat milk soap base, colorant, fragrance",1.8 x 1 x 1.8,1.3,https://www.etsy.com/listing/714630981/large-macarons-soap-gift-set-of-3-large?ref=shop_home_active_24&crt=1,novelty/gag gift
41,"Stocking stuffer for toddler soap, Nautical Soap, Anchor soap favors, Ocean Soap, Beach Wedding soap favors",5,"Sea anchor is an ideal choice for a baby shower for a boy or a theme party.
You can change the main color of the anchor.

Soap ocean anchor  souvenirs are a great choice to thank your friends and guests for coming to celebrate your baby's arrival in this world.
These anchor soap made especially for you are the perfect gift for your guests.

Made with skin safe colorants and fragrances. The soap contains goat milk, clear glycerin and Shea soap base. 
 
","Goat milk soap base, Clear glycerin soap base, Colorant, fragrance",3 x 3,1.5,https://www.etsy.com/listing/714901944/stocking-stuffer-for-toddler-soap?ref=shop_home_active_12,novelty/gag gift
42,"Large French Macaron Soap, Cake Soap, Dessert Soap, LARGE Macaron Soap Party Favors, Paris Theme Birthday Party, Macaroons, French Favors",1.99,"Are you planning hosting a Bridal Shower any Birthday party with a Paris cafe theme? These gorgeous Macaron Soaps are the perfect French party favor.
Perfect as a gift for baby shower, birthday and other holidays like fake cake. 

*-*-*-*-*-*-*-*-*-*-*-*-*-*-*-*-*-*- Packaging *-*-*-*-*-*-*-*-*-*-*-*-*-*-*-*-*-*-*-*-*-*-*-*-*-*-*-*-*-*-*-*-*-*-*-*-*-*-*-*

Each soap is packaged in a separately put into a little plastic bag and tied with a ribbon. Traditionally, I select the color of the tape for the color of the soap, if you need a certain color, let me know.


*-*-*-*-*-*-*-*-*-*-*-*-*-*-*-*-*- *-*-*-*-*-* Tags *-*-*-*-*-*-*-*-*-*-*-*-*-*-*-*-*-*-*-*-*-*-*-*-*-*-*-*-*-*-*-*-*-*-*
Write: 
1. Date of party 
2. Tag color option
3. Text that you wish

All soaps are packed in transparent plastic bags, tied with a tag and ribbon. You receive your order assembled. I am sending you a tag variant before sending it to print. Please check your mail.




 
","goat milk soap base, colorant, fragrance",1.8 x 1.8,1.3,https://www.etsy.com/listing/714871235/large-french-macaron-soap-cake-soap?ref=shop_home_active_13&crt=1,novelty/gag gift
43,"Pregnant woman soap, Tummy bump soap, Infant & Mom Soap",6.5,"Nice and gentle gift for the future mother. In one piece of soap shows all the beauty of a pregnant belly.
Choose your own background color for the silhouette of a girl.","goat milk soap base, colorant, fragrance",2.4 x 1.2 x 3.1,3,https://www.etsy.com/listing/701561414/pregnant-woman-soap-tummy-bump-soap?ref=shop_home_active_14,baby shower
44,"Peony Soap, Perfect Little Peonies,Peony flower, Wedding Favors or Bridal Gift, Bachelorette party favor, Gift for teacher,",2.75,"The beautiful garden peony flower smells unusually boldly like summer grass and the sweetness of the solar wind. It's like a kiss of the wind in the garden.

Are you planning a baby or bridal shower for girl? These peony's looks so gentle and wonderful so you just want keep them in your hands and look at them all the time. Please your girlfriend or daughter with this gift for baby shower or any other fall special occasion.
Juicy and bright peony soap is just perfect! Each soap is handmade by me to order according to your choice of colors and aromas.
Your order includes 1 package with 1 soap (peony). You will be delighted with charming peony's!

If you need a different peony color, let me know in the message.

*-*-*-*-*-*-*-*-*-*-*-*-*-*-*-*-*-*- Packaging *-*-*-*-*-*-*-*-*-*-*-*-*-*-*-*-*-*-*-*-*-*-*-*-*-*-*-*-*-*-*-*-*-*-*-*-*-*-*-*

Each soap is packaged in a separately put into a little plastic bag and tied with a ribbon. Traditionally, I select the color of the tape for the color of the soap, if you need a certain color, let me know.


Soap made with skin safe colorants and fragrances. The soap contains goat milk, clear glycerin and Shea soap base. 

  


 
","Goat milk soap base, Clear glycerin soap base, Colorant, fragrance",1.5 x 1.5,1,https://www.etsy.com/listing/726133446/peony-soap-perfect-little-peoniespeony?ref=shop_home_active_26&crt=1,flowers
45,"Dolphin baby shower soap favors, Animal Soap, Nautical Birthday Under the Sea Theme, Ocean Soap",2,"Price is for one dolphin of your choice.

Small dolphin: length 3"", width 1"", weight  0.7 oz (20 gram)
Big dolphin: length 4.5"", width 2"", weight  2.1 oz (60 gram)

If you plan to hold a party in the marine theme or birthday, baby shower then friendly dolphins are a wonderful gift for your guests.
Did you know that every dolphin in the ocean has a name that he answers when his name is other dolphins?


Made with skin safe colorants and fragrances. The soap contains goat milk, clear glycerin and Shea soap base. 
","Goat milk soap base, Clear glycerin soap base, Colorant, fragrance",,,https://www.etsy.com/listing/728966195/dolphin-baby-shower-soap-favors-animal?ref=shop_home_active_25,novelty/gag gift
46,"Stocking Stuffer, Mitten Soap Favors, Baby Shower Favors, Gift for kids, Baby Sprinkle Favors, Gift for friend, teacher, class",5,"Are you planning this winter baby or make a gift to classmates or a teacher? This knitted soap mittens looks so gentle and wonderful that you just want to hold them in your hands and look at them all the time.
Warm and bright knitted soap is just perfect and creates a mood! Each soap is hand-made to order according to your choice of colors and aromas. Your order includes 1 package with 1 soap (mittens). You will be delighted with charming mittens! 
If you need a different color or quantity, just let me know your request through a private message.

*-*-*-*-*-*-*-*-*-*-*-*-*-*-*-*-*-*- Packaging *-*-*-*-*-*-*-*-*-*-*-*-*-*-*-*-*-*-*-*-*-*-*-*-*-*-*-*-*-*-*-*-*-*-*-*-*-*-*-*

Each soap is packaged in a separately put into a little plastic bag and tied with a ribbon. Traditionally, I select the color of the tape for the color of the soap, if you need a certain color, let me know.

*-*-*-*-*-*-*-*-*-*-*-*-*-*-*-*-*- *-*-*-*-*-* Tags *-*-*-*-*-*-*-*-*-*-*-*-*-*-*-*-*-*-*-*-*-*-*-*-*-*-*-*-*-*-*-*-*-*-*

Write: 
1. Date of party 
2. Tag color option
3. Text that you wish


Soap made with skin safe colorants and fragrances. The soap contains goat milk, clear glycerin and Shea soap base. 

","Goat milk soap base, Clear glycerin soap base, Colorant, fragrance",3 x 2.5,3.5,https://www.etsy.com/listing/758408305/stocking-stuffer-mitten-soap-favors-baby?ref=shop_home_active_5,holidays
47,"Poinsettia soap, Peppermint soap, Christmas soap, Stocking Stuffer for mam",5,"Bright, juicy red with a golden core, the traditional winter poinsettia flower will be a welcome addition to the Christmas stocking. Packaged in a transparent bag and tied with a ribbon. 
Each soap is handmade by me to order according to your choice of colors and aromas. Your order includes 1 package with 1 soap (poinsettia). 
If you need a different color or quantity  just let me know your request through personal message.

*-*-*-*-*-*-*-*-*-*-*-*-*-*-*-*-*-*- Packaging *-*-*-*-*-*-*-*-*-*-*-*-*-*-*-*-*-*-*-*-*-*-*-*-*-*-*-*-*-*-*-*-*-*-*-*-*-*-*-*

Each soap is packaged in a separately put into a little plastic bag and tied with a ribbon. Traditionally, I select the color of the tape for the color of the soap, if you need a certain color, let me know.


Soap made with skin safe colorants and fragrances. The soap contains goat milk, clear glycerin and Shea soap base. 

 
","Goat milk soap base, Clear glycerin soap base, Colorant, fragrance",4 x 4,2.5,https://www.etsy.com/listing/884675128/poinsettia-soap-peppermint-soap?ref=shop_home_active_2,flowers
48,"20 Baby Angel Soaps, 20 Baby shower favors soaps, 20 Angel Soaps, Pink rose, 20 Unique baby shower favors, 20 Rose baby shower soap",123,"The gentle combination of a sleeping angel in a rose will be a great choice for your baby shower.
This listing is for 20 babies sleeping on a rose.

*-*-*-*-*-*-*-*-*-*-*-*-*-*-*-*-*-*- Packaging *-*-*-*-*-*-*-*-*-*-*-*-*-*-*-*-*-*-*-*-*-*-*-*-*-*-*-*-*-*-*-*-*-*-*-*-*-*-*-*

Each soap is packaged in a separately put into a little plastic bag and tied with a ribbon. Traditionally, I select the color of the tape for the color of the soap, if you need a certain color, let me know.


*-*-*-*-*-*-*-*-*-*-*-*-*-*-*-*-*- *-*-*-*-*-* Tags *-*-*-*-*-*-*-*-*-*-*-*-*-*-*-*-*-*-*-*-*-*-*-*-*-*-*-*-*-*-*-*-*-*-*

Write: 
1. Date of party 
2. Tag color option
3. Text that you wish


Made with skin safe colorants and fragrances. The soap contains goat milk, clear glycerin and Shea soap base. 

","Goat milk soap base, glycerin, Shea butter, fragrance, color",2.5 x 3.0 x 1.5,2.2,https://www.etsy.com/listing/691211003/20-baby-angel-soaps-20-baby-shower?ref=shop_home_active_32,baby shower
49,"Vagina soap, decorative soap, adult soap, gag gift for women, valentine gift, sexy soap.",2,"Super funny soap for you and your loved one's. Just put this piece and wait for incredibly loud laugh from the bath!

Made with skin safe colorants and fragrances. 

The soap contains glycerin and Shea soap base.","Goat milk soap base, glycerin soap base, fragrance, color",,,https://www.etsy.com/listing/720935617/vagina-soap-decorative-soap-adult-soap?ref=shop_home_active_12&crt=1,novelty/gag gift
50,"10 Lavender Wedding Soap Hearts, Lavender theme party, Purple Lavender Wedding theme Party soap decoration set",6,"Set of 10+ little cute heart-shaped soaps with added gold jojoba oil pearls are wonderful as a gift for soap gifts for Baby Shower, gifts for girls or for boys Baby Shower or wedding gifts. They wonderfully decorate the bathroom, guest room or use them as a compliment. These hearts look like a luxury gift for your guests.
The soap is convenient for its small size or affordability. Please select colors and smells from the list, if you have additional questions, please contact me!

You get 10 bars of soap, total weight 3 ounces

Made with skin-friendly dyes and fragrances. You can choose the aroma and color of the desired soap. The soap contains goat's milk, clear glycerin and Shea's soap base.
","Goat milk soap base, Clear glycerin soap base, Colorant, fragrance, Jojoba Seed Oil",1.5 x 0.5,0.5,https://www.etsy.com/listing/818673881/10-lavender-wedding-soap-hearts-lavender?ref=shop_home_active_21,flowers
51,"Stocking Stuffer, Christmas Tree Soap Favors, Christmas Forest Soap, Baby Shower Favors, Gift for kids, Gift for friend, teacher, class",3,"Limited Christmas Soap with Xmas Tree. Small, comfortable size fits wonderfully in a stocking stuffer.

 Your order includes 1 package with 1 soap bar. You will be delighted with charming Xmas Tree! 
If you need a different color or quantity, just let me know your request through a private message.

*-*-*-*-*-*-*-*-*-*-*-*-*-*-*-*-*-*- Packaging *-*-*-*-*-*-*-*-*-*-*-*-*-*-*-*-*-*-*-*-*-*-*-*-*-*-*-*-*-*-*-*-*-*-*-*-*-*-*-*

Each soap is packaged in a separately put into a little plastic bag and tied with a ribbon. Traditionally, I select the color of the tape for the color of the soap, if you need a certain color, let me know.

*-*-*-*-*-*-*-*-*-*-*-*-*-*-*-*-*- *-*-*-*-*-* Tags *-*-*-*-*-*-*-*-*-*-*-*-*-*-*-*-*-*-*-*-*-*-*-*-*-*-*-*-*-*-*-*-*-*-*

Write: 
1. Date of party 
2. Tag color option
3. Text that you wish

Soap made with skin safe colorants and fragrances. The soap contains goat milk, clear glycerin and Shea soap base. 

","Goat milk soap base, Clear glycerin soap base, Colorant, fragrance",2.5 x 2.5,2,https://www.etsy.com/listing/758427001/stocking-stuffer-christmas-tree-soap?ref=shop_home_active_3,holidays
52,"Stockings stuffer for husband, Art sexy body, Boobs soap,  Bust female soap, Adult soap",8,"Graceful curves of a female body in one bar of soap. 
Make a present for your husband / boyfriend or just a gag gift for your friends. The soap fits wonderfully in the hand and leaves a scented lather on the curves of her body.

Made with skin safe colorants and fragrances. 

The soap contains glycerin and Shea soap base.","Glycerin soap base, Shea butter soap base, Color, Fragrance",4 x 2.5 x 0.7 ,2.3,https://www.etsy.com/listing/893472282/stockings-stuffer-for-husband-art-sexy?ref=shop_home_active_15&crt=1,novelty/gag gift
53,"Seashell soap favor, Beach soap",3.5,"Seashell Soap is perfect for a gift to your guests. Made from natural glycerin soap, with Walnut Shells and some glitter.

*-*-*-*-*-*-*-*-*-*-*-*-*-*-*-*-*-*- Packaging *-*-*-*-*-*-*-*-*-*-*-*-*-*-*-*-*-*-*-*-*-*-*-*-*-*-*-*-*-*-*-*-*-*-*-*-*-*-*-*

Each soap is packaged in a separately put into a little plastic bag and tied with a ribbon. Traditionally, I select the color of the tape for the color of the soap, if you need a certain color, let me know.


*-*-*-*-*-*-*-*-*-*-*-*-*-*-*-*-*- *-*-*-*-*-* Tags *-*-*-*-*-*-*-*-*-*-*-*-*-*-*-*-*-*-*-*-*-*-*-*-*-*-*-*-*-*-*-*-*-*-*

Write: 
1. Date of party 
2. Tag color option
3. Text that you wish


Made with skin safe colorants and fragrances. The soap contains goat milk, clear glycerin and Shea soap base. 

","Clear glycerin soap base, Walnut Shells, Colorant, Fragrance, Glitter",2.5 x 2.5,1.6,https://www.etsy.com/listing/827863942/seashell-soap-favor-beach-soap?ref=shop_home_active_35,novelty/gag gift
54,"Baby feet soap favor, Baby shower favor, Baby shower girl favor, Baby shower boy favor, From my shower to yours, Foot shape soap, Foot shape",2.5,"Baby feet soap favor.

This list is for 1 (one) bar of soap.

Unique and cute handmade soap, made with love and care. Each piece looks like a small piece of art. You can buy a piece or gift set for a special and dear person in your life.A wonderful souvenir with a pleasant aroma on the occasion of the birth of your baby.


Made with skin-friendly dyes and fragrances. You can choose the aroma and color of the desired soap. The soap contains goat's milk, clear glycerin and Shea's soap base.","Goat milk soap base, Clear glycerin soap base, Colorant, fragrance",1.7 x 2.1,1.1,https://www.etsy.com/listing/708886001/baby-feet-soap-favor-baby-shower-favor?ref=shop_home_active_30,baby shower
55,"Set of 60 Pacifier soap favors, Baby shower favors soaps, Girl baby shower favor",117,"Soap pacifier souvenirs are a great choice to thank your friends and guests for coming to celebrate your baby's arrival in this world.
These pacifier soap made especially for you are the perfect gift for your guests.
Your order includes 1 package with  60 soaps (pacifiers).
If you need a different color or quantity  just let me know your request through personal message.

Made with skin safe colorants and fragrances. The soap contains goat milk, clear glycerin and Shea soap base. ","Goat milk soap base, Clear glycerin soap base, Colorant, fragrance",2.8 x 3,,https://www.etsy.com/listing/722163889/set-of-60-pacifier-soap-favors-baby?ref=shop_home_active_33,baby shower
56,"Gerber soap favor, Daisy Soap Favor, Wedding soap favor",2.5,"Gerber are so funny, beautiful-looking flower.
Gerber can be a wonderful gift in the Easter basket for man!

Get this beautiful chamomile soap for your dad, boyfriend, grandfather or any other fun occasions or new beginnings.
Gerber symbolizes innocence and purity.

Made with skin-friendly dyes and fragrances. You can choose the aroma and color of the desired soap. 
The soap contains goat's milk, clear glycerin and Shea's soap base.","Goat milk soap base, Clear glycerin soap base, Colorant, fragrance",6,3.5,https://www.etsy.com/listing/710874511/gerber-soap-favor-daisy-soap-favor?ref=shop_home_active_31,flowers
57,"Rocking horse soap favors, Horse Soap Favor, Pony Soap Favors, Pony Themed Birthday, Cowgirl Birthday Party, Carousel, Baby Shower Favor",2.2,"Horsey horsey don't you stop
Just let your feet go clippetty clop
The tail goes swish and the wheels go round
Giddy up, we're homeward bound

*-*-*-*-*-*-*-*-*-*-*-*-*-*-*-*-*-*- Packaging *-*-*-*-*-*-*-*-*-*-*-*-*-*-*-*-*-*-*-*-*-*-*-*-*-*-*-*-*-*-*-*-*-*-*-*-*-*-*-*

Each soap is packaged in a separately put into a little plastic bag and tied with a ribbon. Traditionally, I select the color of the tape for the color of the soap, if you need a certain color, let me know.


*-*-*-*-*-*-*-*-*-*-*-*-*-*-*-*-*- *-*-*-*-*-* Tags *-*-*-*-*-*-*-*-*-*-*-*-*-*-*-*-*-*-*-*-*-*-*-*-*-*-*-*-*-*-*-*-*-*-*

Write: 
1. Date of party 
2. Tag color option
3. Text that you wish


Made with skin safe colorants and fragrances. The soap contains goat milk, clear glycerin and Shea soap base. 

  

 
","Goat milk soap base, Clear glycerin soap base, Colorant, fragrance",3 x 2.7,1.2,https://www.etsy.com/listing/726147124/rocking-horse-soap-favors-horse-soap?ref=shop_home_active_23,baby shower
58,"Honey Bee Soap, Bee Honeycomb Soap Favors, Bee baby shower favors, Honey Baby Shower, Wedding Honey Favors",27,"Honey bees are wonderful gifts to add to your basket wedding greetings, baby showers, birthdays and many other important events for you.
With this honey soap, guests of your wedding will be delighted and take home unforgettable memories of such a special and beautiful day.
The soap has the shape of a honeycomb and a bee, filled with the sweet aroma of honey and oatmeal, I want to eat them!

*-*-*-*-*-*-*-*-*-*-*-*-*-*-*-*-*-*- Packaging *-*-*-*-*-*-*-*-*-*-*-*-*-*-*-*-*-*-*-*-*-*-*-*-*-*-*-*-*-*-*-*-*-*-*-*-*-*-*-*

Each soap is packaged in a separately put into a little plastic bag and tied with a ribbon. Traditionally, I select the color of the tape for the color of the soap, if you need a certain color, let me know.


*-*-*-*-*-*-*-*-*-*-*-*-*-*-*-*-*- *-*-*-*-*-* Tags *-*-*-*-*-*-*-*-*-*-*-*-*-*-*-*-*-*-*-*-*-*-*-*-*-*-*-*-*-*-*-*-*-*-*

Write: 
1. Date of party 
2. Tag color option
3. Text that you wish


Made with skin safe colorants and fragrances. The soap contains goat milk, clear glycerin and Shea soap base. 

  

 
","Goat milk soap base, Clear glycerin soap base, Colorant, fragrance",2.5 x 2.5,1.6,https://www.etsy.com/listing/799975544/honey-bee-soap-bee-honeycomb-soap-favors?ref=shop_home_active_28,seasons
59,"10 Pink Pumpkin Soap Party Favors, Halloween Party, Fall Wedding Favors, Girl Baby Shower, Bridal, Gender Reveal, Sprinkle, Mini pumpkin",25,"Look carefully at the size of the decorative soap!
Are you planning an autumn pink pumpkin baby or bridal shower for girl? These pink pumpkins looks so gentle and wonderful so you just want keep them in your hands and look at them all the time. Please your girlfriend or daughter with this gift for baby shower or any other fall special occasion.
Juicy and bright pumpkin soap is just perfect! Each soap is handmade by me to order according to your choice of colors and aromas. Your order includes 1 package with 10 soaps (pumpkins). You will be delighted with charming pumpkins! If you need a different color or quantity  just let me know your request through personal message.

If you need a different pumpkin color, let me know in the message.

*-*-*-*-*-*-*-*-*-*-*-*-*-*-*-*-*-*- Packaging *-*-*-*-*-*-*-*-*-*-*-*-*-*-*-*-*-*-*-*-*-*-*-*-*-*-*-*-*-*-*-*-*-*-*-*-*-*-*-*

Each soap is packaged in a separately put into a little plastic bag and tied with a ribbon. Traditionally, I select the color of the tape for the color of the soap, if you need a certain color, let me know.


Soap made with skin safe colorants and fragrances. The soap contains goat milk, clear glycerin and Shea soap base. ","Goat milk soap base, Clear glycerin soap base, Colorant, fragrance",1.5 x 1.5,1,https://www.etsy.com/listing/726790808/10-pink-pumpkin-soap-party-favors?ref=shop_home_active_9,seasons
60,"10 Wedding Heart soap favors, Bridal Shower Soap Favors, Baby Shower Favor, Wedding Favors For Guests",6.99,"Soapy wedding favors are a great choice to thank your friends and guests after a long and important day.
These handmade heart-shaped soaps made by me specially for you are the perfect gift for your guests.
10 A small, cute heart-shaped soap is perfect as a gift for gifts for Baby Shower soap, gifts for a Girl or Boy or a Wedding Gift. They will miraculously decorate the bathroom / guest room or use them as a compliment. The soap is convenient for its small size or affordability.

Made with skin-friendly dyes and fragrances. You can choose the aroma and color of the desired soap. The soap contains goat's milk, clear glycerin and Shea's soap base.

*-*-*-*-*-*-*-*-*-*-*-*-*-*-*-*-*- Weight and dimensions *-*-*-*-*-*-*-*-*-*-*-*-*-*-*-*-*-*-*-*-*-*-*-*-*-*-*-*-*-*-*

You get 10 bars of soap, total weight 3 ounces. 

*-*-*-*-*-*-*-*-*-*-*-*-*-*-*-*-*-*- Packaging *-*-*-*-*-*-*-*-*-*-*-*-*-*-*-*-*-*-*-*-*-*-*-*-*-*-*-*-*-*-*-*-*-*-*-*-*-*-*-*

Each soap is packaged in a separately put into a little plastic bag and tied with a ribbon. Traditionally, I select the color of the tape for the color of the soap, if you need a certain color, let me know.
","Clear glycerin soap base, Colorant, fragrance, Shea soap base",1.5 x 0.5,0.5,https://www.etsy.com/listing/817646805/10-wedding-heart-soap-favors-bridal?ref=shop_home_active_14,wedding
61,"Teen stocking soap, Hand Gun Soap Party Favors, Pistol soap, Gun favors, Gift for Husband or Boyfriend, Anniversary gifts for boyfriend",7,"Water gun is an excellent choice for a theme party with video games, Nerf Gun's birthday, pool parties. It`s perfect gift for your dad, boyfriend, son, brother.

Made with skin safe colorants and fragrances. 

The soap contains glycerin and Shea soap base.

This gun soap comes in a clear cellophane bag tied with a bow.","Glycerin soap base, Fragrance, colorants",4 x 2.5 x 0.7,2.3,https://www.etsy.com/listing/660935540/teen-stocking-soap-hand-gun-soap-party?ref=shop_home_active_7&crt=1,novelty/gag gift
62,"Set of 20 Pacifier soap favors, Baby shower soap favors (Set of 20)",34.99,"Soap pacifier souvenirs are a great choice to thank your friends and guests for coming to celebrate your baby's arrival in this world.
These pacifier soap made especially for you are the perfect gift for your guests.

Made with skin safe colorants and fragrances. The soap contains goat milk, clear glycerin and Shea soap base. 
","Goat milk soap base, Clear glycerin soap base, Colorant, fragrance",2.8 x 3,,https://www.etsy.com/listing/720696249/set-of-20-pacifier-soap-favors-baby?ref=shop_home_active_4,baby shower
63,"Red Santa Boots, Santa's boots soap, Christmas soap favors, Santa's Holiday Stocking, Holiday cheer soap",3.2,"Santa's boot is a great filler for a Christmas stocking or a gift for colleagues! Bright, creating a wonderful mood/holiday cheer  for the coming Christmas will successfully complement your gift to loved ones.
Santa's shoe Christmas soap will create a Holiday cheer for your loved ones, even if they are sent from afar.
Each soap is individually packaged and has a Happy Holidays tag.
You can take care of your loved ones and send them a parcel with Christmas soap and a small note of wishes.

If you need a different color, let me know in the message.

*-*-*-*-*-*-*-*-*-*-*-*-*-*-*-*-*-*- Packaging *-*-*-*-*-*-*-*-*-*-*-*-*-*-*-*-*-*-*-*-*-*-*-*-*-*-*-*-*-*-*-*-*-*-*-*-*-*-*-*

Each soap is packaged in a separately put into a little plastic bag and tied with a ribbon. Traditionally, I select the color of the tape for the color of the soap, if you need a certain color, let me know.

*-*-*-*-*-*-*-*-*-*-*-*-*-*-*-*-*- *-*-*-*-*-* Tags *-*-*-*-*-*-*-*-*-*-*-*-*-*-*-*-*-*-*-*-*-*-*-*-*-*-*-*-*-*-*-*-*-*-*

Write: 
1. Date of party 
2. Tag color option
3. Text that you wish


Soap made with skin safe colorants and fragrances. The soap contains clear glycerin and Shea soap base. 

","Glycerin soap base, Colorants, Natural fragrance oils",2 x 2.5,1.6,https://www.etsy.com/listing/898707909/red-santa-boots-santas-boots-soap?ref=shop_home_active_10,holidays
64,"Easter basket stuff. Easter Bunny soap, Easter basket idea. Easter decor.  Easter Gift For Kids. Soap Bunny",5,"This charming soap is asking to be in your hands and wants to put a smile on your face.
Cute little rabbit is created from a safe glycerin base with the addition of hypoallergenic dyes and soft flavors for cleansing of the skin and your hands.
The photographs of the listing above show colors from the possible options. The first rabbit is made in beige tones with the addition of the smell of sweet almond. The second rabbit is light gray, with a blue tone added. It has the smell of lavender.
The list of colors is extensive, let me know what color, aroma
that you wish. If you need more fragrances or a special rabbit eye color, also please
let me know. 

Price is for one bunny of your choice.","Goat milk soap base, glycerin, Shea butter, fragrance, color",,,https://www.etsy.com/listing/673574250/easter-basket-stuff-easter-bunny-soap?ref=shop_home_active_7,holidays
65,"Easter Basket stuffers, Bunny soap, bunny soap party favors",6.5,"This charming soap is asking to be in your hands and wants to put a smile on your face.
Cute little rabbit is created from a safe glycerin base with the addition of hypoallergenic dyes and soft flavors for cleansing of the skin and your hands.
The photographs of the listing above show colors from the possible options. The first is made in purple' tones with the addition of the smell of sweet almond or lavender.
The list of colors is extensive, let me know what color, aroma+ that you wish. If you need more fragrances or a special bunny  eye color, also please
let me know. 

Price is for one bunny of your choice.
","Goat milk soap base, glycerin, Shea butter, fragrance, color", 2 x 2.36 x 2.75,4.2,https://www.etsy.com/listing/677377772/easter-basket-stuffers-bunny-soap-bunny?ref=shop_home_active_15,holidays
66,"Stocking stuffer for toddler soap, Pony soap, Pony Party favors, My little pony g1, Pony birthday outfit, Horse",7,"Pony soap

Baby soap can be the perfect gift for a birthday, Easter, baby shower or for any occasion desired.

Pony eyes are painted with acrylic paints, they are washed away when used.","Glycerin soap, fragrance oil, colorant, Fragrance, acrylic paints",3.9 x 2.4 x 1.6 ,4,https://www.etsy.com/listing/676558679/stocking-stuffer-for-toddler-soap-pony?ref=shop_home_active_5,baby shower
67,"Christmas Bell Soap Favors, Baby Sprinkle Favors, Winter Theme Favors",2,"Wonderful Christmas bells similar to pieces of ice cliff will decorate your holiday.

If you need a different color, let me know in the message.

*-*-*-*-*-*-*-*-*-*-*-*-*-*-*-*-*-*- Packaging *-*-*-*-*-*-*-*-*-*-*-*-*-*-*-*-*-*-*-*-*-*-*-*-*-*-*-*-*-*-*-*-*-*-*-*-*-*-*-*

Each soap is packaged in a separately put into a little plastic bag and tied with a ribbon. Traditionally, I select the color of the tape for the color of the soap, if you need a certain color, let me know.

*-*-*-*-*-*-*-*-*-*-*-*-*-*-*-*-*- *-*-*-*-*-* Tags *-*-*-*-*-*-*-*-*-*-*-*-*-*-*-*-*-*-*-*-*-*-*-*-*-*-*-*-*-*-*-*-*-*-*

Write: 
1. Date of party 
2. Tag color option
3. Text that you wish


Soap made with skin safe colorants and fragrances. The soap contains clear glycerin and Shea soap base. 
","glycerin soap base, colorants, Natural Fragrance oils",2 x 2.5,2,https://www.etsy.com/listing/741363568/christmas-bell-soap-favors-baby-sprinkle?ref=shop_home_active_28,holidays
68,"Lemon soap favor, Lime soap favors, Summer Bridal Shower, Pink lemonade decor",3.5,"Are you planning a summer theme birthday or a bride's party? These yellow or green lemons / limes look so vibrant and wonderful that you just want to hold them in your hands and look at them all the time. Please your girlfriend or daughter with this gift for a baby shower or any other summer special occasion.
Juicy and bright lemon soap is just perfect! Each soap is hand-made to order according to your choice of colors and aromas. Your order includes 1 pack with 1 soap (lemon or lime). You will be delighted with a charming lemon! If you need a different color or quantity, just let me know your request through a private message.

If you need a different color, let me know in the message.

*-*-*-*-*-*-*-*-*-*-*-*-*-*-*-*-*-*- Packaging *-*-*-*-*-*-*-*-*-*-*-*-*-*-*-*-*-*-*-*-*-*-*-*-*-*-*-*-*-*-*-*-*-*-*-*-*-*-*-*

Each soap is packaged in a separately put into a little plastic bag and tied with a ribbon. Traditionally, I select the color of the tape for the color of the soap, if you need a certain color, let me know.


Soap made with skin safe colorants and fragrances. The soap contains goat milk, clear glycerin and Shea soap base. ","Clear glycerin soap base, Colorant, Fragrance",2.7 x 1.5,2,https://www.etsy.com/listing/831730407/lemon-soap-favor-lime-soap-favors-summer?ref=shop_home_active_26,novelty/gag gift
69,"HONEY PARTY FAVORS, Bee Honeycomb Soap Favors, Bumblebee Mommy to Bee, Honey Baby Shower, Wedding Honey Favors, boo bees",2.75,"Honey bees are wonderful gifts to add to your basket wedding greetings, baby showers, birthdays and many other important events for you.
With this honey soap, guests of your wedding will be delighted and take home unforgettable memories of such a special and beautiful day.
The soap has the shape of a honeycomb and a bee, filled with the sweet aroma of honey and oatmeal, I want to eat them!

*-*-*-*-*-*-*-*-*-*-*-*-*-*-*-*-*-*- Packaging *-*-*-*-*-*-*-*-*-*-*-*-*-*-*-*-*-*-*-*-*-*-*-*-*-*-*-*-*-*-*-*-*-*-*-*-*-*-*-*

Each soap is packaged in a separately put into a little plastic bag and tied with a ribbon. Traditionally, I select the color of the tape for the color of the soap, if you need a certain color, let me know.


*-*-*-*-*-*-*-*-*-*-*-*-*-*-*-*-*- *-*-*-*-*-* Tags *-*-*-*-*-*-*-*-*-*-*-*-*-*-*-*-*-*-*-*-*-*-*-*-*-*-*-*-*-*-*-*-*-*-*

Write: 
1. Date of party 
2. Tag color option
3. Text that you wish


Made with skin safe colorants and fragrances. The soap contains goat milk, clear glycerin and Shea soap base. 

  

 
","Goat milk soap base, Clear glycerin soap base, Colorant, fragrance",2.5 x 2.5,1.6,https://www.etsy.com/listing/729828079/honey-party-favors-bee-honeycomb-soap?ref=shop_home_active_18&crt=1,seasons
70,"Baby Angel Soap favors, Baby shower favors soap, Angel Soap, Pink rose, Baby shower favors, Unique baby shower favors, Rose baby shower soap",4.5,"The gentle combination of a sleeping angel in a rose will be a great choice for your baby shower.
This listing is for 1 baby sleeping on a rose.

*-*-*-*-*-*-*-*-*-*-*-*-*-*-*-*-*-*- Packaging *-*-*-*-*-*-*-*-*-*-*-*-*-*-*-*-*-*-*-*-*-*-*-*-*-*-*-*-*-*-*-*-*-*-*-*-*-*-*-*

Each soap is packaged in a separately put into a little plastic bag and tied with a ribbon. Traditionally, I select the color of the tape for the color of the soap, if you need a certain color, let me know.


*-*-*-*-*-*-*-*-*-*-*-*-*-*-*-*-*- *-*-*-*-*-* Tags *-*-*-*-*-*-*-*-*-*-*-*-*-*-*-*-*-*-*-*-*-*-*-*-*-*-*-*-*-*-*-*-*-*-*

Write: 
1. Date of party 
2. Tag color option
3. Text that you wish


Made with skin safe colorants and fragrances. The soap contains goat milk, clear glycerin and Shea soap base. 

","Goat milk soap base, glycerin, Shea butter, fragrance, color",2.5 x 3.0 x 1.5,2.2,https://www.etsy.com/listing/691437953/baby-angel-soap-favors-baby-shower?ref=shop_home_active_24,baby shower
71,"3 Unicorns bar soaps, 3 Unicorns Soap Favors, 3 Unicorn soaps, Unicorn birthday, Girls birthday gift, Magical unicorn soap",7.5,"3 UNICORNS SOAPS

Unicorn soap favor a great addition to the Unicorn Party, Easter gift baskets , a gift for little girls, a party in honor of the birthday of the Unicorn. Funny gift unicorn for children. These magic soaps are ideal for a unicorn gift, loved by children of all ages, a unicorn birthday party, or at any time or whenever you want to enhance the magic.

You get a set of 3 unicorns with a multicolored mane and a golden sparkling horn.

You get 3 bars of soap, total weight 3.3 ounces

Made with skin-friendly dyes and fragrances. You can choose the aroma and color of the desired soap. The soap contains goat's milk, clear glycerin and Shea's soap base.
","Goat milk soap base, Clear glycerin soap base, Colorant, fragrance",2.8 x 0.5,1.1,https://www.etsy.com/listing/693091426/3-unicorns-bar-soaps-3-unicorns-soap?ref=shop_home_active_3&crt=1,novelty/gag gift
72,"Gold Soap Bar, Money soap, Gold bullion bar soap, Fine Gold Soap Bar, Fake fine Gold bullion Bar",6,How cool is that to wash your hands with a gold bar every day. It's like a treasury in your hands.This is a fun gift for your friends and loved one. A piece of gold soap will perfectly decorate the bathroom and give a pleasant aroma.,,,,https://www.etsy.com/listing/714387178/gold-soap-bar-money-soap-gold-bullion?ref=shop_home_active_36,novelty/gag gift
73,"Easter bunny ears soap favors, Animal Soap, Nest Soap, Funny Bunny Soap",4.5,"Looking for a gift with Easter symbols? Ideal for combining a bunny and an Easter egg basket. A cute baby will be made for you using safe colors and pleasant smells.

*-*-*-*-*-*-*-*-*-*-*-*-*-*-*-*-*-*- Packaging *-*-*-*-*-*-*-*-*-*-*-*-*-*-*-*-*-*-*-*-*-*-*-*-*-*-*-*-*-*-*-*-*-*-*-*-*-*-*-*

Each soap is packaged in a separately put into a little plastic bag and tied with a ribbon. Traditionally, I select the color of the tape for the color of the soap, if you need a certain color, let me know.


Made with skin safe colorants and fragrances. The soap contains goat milk, clear glycerin and Shea soap base. ","Goat milk soap base, Glycerin soap base, Shea butter soap base, Fragrance, color",2 x 3,2.1,https://www.etsy.com/listing/778019137/easter-bunny-ears-soap-favors-animal?ref=shop_home_active_8,holidays
74,"10 Sunflowers soaps favors, 10 Sunflowers soaps, Garden wedding favors, Flower soap favors, Fall Baby Shower, sunflower wedding decor",25,"This listing is for 10 sunflowers soap bars.

Sunflower is a beautiful flower of sunny color with a chocolate heart and petals full of brightness and joy of yellow-orange colors. 
This flower of the sun is a perfect gift for any occasion and a little girl and an adult woman.
The photo shows one of the color options, you can choose bright yellow leaves or a more autumn version, as in the photo.
Change the core to black or green.
Made with skin-friendly dyes and fragrances. You can choose the aroma and color of the desired soap. 

The soap contains goat's milk, clear glycerin and Shea's soap base.

This delicious soap comes in a transparent cellophane bag tied with a ribbon.
Green leaf is a prop for a photo. A bar of soap consists of a single piece.","Goat milk soap base, Clear glycerin soap base, Colorant, fragrance",3,1.2,https://www.etsy.com/listing/707769984/10-sunflowers-soaps-favors-10-sunflowers?ref=shop_home_active_27,flowers
75,"Stocking stuffer for toddler soap, 8 pcs Mini Transformer birthday  party favors, Kids Robot Soaps mini set, Otimus prime",4,"This Set Mini Robot Transformer Soap is amazing gift for your your child's Birthday party, Easter Basket Gift or any other occasion.
The set consists of 8 bars of soap of different colors (blue, red, yellow, green).
The scent of 8 bars of soap is uniform, you can choose it from the listing.

This adorable soap comes in a clear cellophane bag tied with a ribbon. 

Made with skin safe colorants and fragrances. The soap contains goat milk, clear glycerin and Shea soap base. 


","Goat milk soap base, glycerin, Shea butter, fragrance, color",1.2 x 1.4,2,https://www.etsy.com/listing/711212787/stocking-stuffer-for-toddler-soap-8-pcs?ref=shop_home_active_34,novelty/gag gift
76,"6+ pcs Mini Heart soaps, Mini soap favors, Mini soap bars, Wedding shower favors, Favors ANY Color Soap, Cheap Soap, Set Lavender weddings",6,"6 Small cute heart-shaped soaps wonderfully suit as a gift for Baby Shower soap favors, Girl or Boy Baby Shower favors or Wedding favors. They will wonderfully decorate the bathroom / guest room or use them as a compliment. Soap is convenient for its small size or affordability. Please select the colors and smells from the list, if you have additional questions, please contact me!
You get 6 bars of soap, total weight 3 ounces

Made with skin-friendly dyes and fragrances. You can choose the aroma and color of the desired soap. The soap contains goat's milk, clear glycerin and Shea's soap base.




 
","Goat milk soap base, Clear glycerin soap base, Colorant, fragrance",1.5 x 0.5,0.5,https://www.etsy.com/listing/703659869/6-pcs-mini-heart-soaps-mini-soap-favors?ref=shop_home_active_1,holidays
77,"Lips Soap favors, Sexy Lips Soap, Kiss Soap, Girls Night Out, Red Lips Soap, Bachelorette party decorations, Party Favor",2.25,"These Sexy Lip Kiss soap favors are perfect for a Bachelorette Party decorations idea. 

Made with skin-friendly dyes and fragrances. You can choose the aroma and color of the desired soap. 
The soap contains goat's milk, clear glycerin and Shea's soap base.
","Goat milk soap base, Clear glycerin soap base, Colorant, fragrance",,,https://www.etsy.com/listing/708345944/lips-soap-favors-sexy-lips-soap-kiss?ref=shop_home_active_35,novelty/gag gift
78,"Stocking stuffer for toddler soap, Astronaut Soap,Astronaut birthday Favor, Space Soap, Boy Birthday,Boy Gift, Moon Space, Man on the Moon",6,"This Astronaut soap is amazing gift for your your child's astronaut party or outer space party.

Made with skin safe colorants and fragrances. The soap contains goat milk, clear glycerin and Shea soap base. 

 This adorable soap comes in a clear cellophane bag tied with a ribbon. 
 
I hope you enjoy this soap as much as I enjoy making it! 
 
*Please note: each soap is individually handcrafted, making each unique. Your soap will be similar to the one pictured, but no two are the same!*",,4.3,2,https://www.etsy.com/listing/660393938/stocking-stuffer-for-toddler-soap?ref=shop_home_active_29,novelty/gag gift
